,cell_types,z_statistic,p_value
0,b_cell,1.3680227997110308,0.1713049395615044
1,cd8_t_cell,0.29413427030972034,0.7686553046050373
2,cd4_t_cell,-2.807436554972479,0.004993751565003738
3,nk_cell,1.3021346295417615,0.1928703669943146
4,monocyte,0.7284334835757931,0.4663482726347773
